{
  "project_info": {
    "project_number": "771845627644",
    "firebase_url": "https://my-car-72881.firebaseio.com",
    "project_id": "my-car-72881",
    "storage_bucket": "my-car-72881.appspot.com"
  },
  "client": [
    {
      "client_info": {
        "mobilesdk_app_id": "1:771845627644:android:36bfcb82801ee0cc",
        "android_client_info": {
          "package_name": "com.example.siddh.mycar"
        }
      },
      "oauth_client": [
        {
          "client_id": "771845627644-eo4fotcdea004i7brg7940vhupnbv3s1.apps.googleusercontent.com",
          "client_type": 3
        }
      ],
      "api_key": [
        {
          "current_key": "AIzaSyDo4OhueDEorTsVhZl2Ez9ZfTutOu6AxRI"
        }
      ],
      "services": {
        "analytics_service": {
          "status": 1
        },
        "appinvite_service": {
          "status": 1,
          "other_platform_oauth_client": []
        },
        "ads_service": {
          "status": 2
        }
      }
    }
  ],
  "configuration_version": "1"
}